{"accuracy": 0.6309850564196401, "F1": 0.5800865484481009, "loss": 1.6543785333633423, "_timestamp": 1709274572.8848755, "_runtime": 9.3463876247406, "_step": 19, "_wandb": {"runtime": 6}}