{"accuracy": 0.6273254040866117, "F1": 0.5749863034537165, "loss": 1.6541316509246826, "_timestamp": 1709278892.111911, "_runtime": 22.49671196937561, "_step": 99, "_wandb": {"runtime": 20}}