{"accuracy": 0.6273254040866117, "F1": 0.5749863034537165, "loss": 1.6541316509246826, "_timestamp": 1709274105.8201833, "_runtime": 23.0662522315979, "_step": 99, "_wandb": {"runtime": 20}}