{"acc": 0.45798054690092355, "val_acc": 0.6174482325424624, "_timestamp": 1709276656.6775162, "_runtime": 5.91985821723938, "_step": 9, "_wandb": {"runtime": 2}}