{"accuracy": 0.6273254040866117, "F1": 0.5749863034537165, "loss": 1.6541316509246826, "_timestamp": 1709278618.7698236, "_runtime": 22.9714994430542, "_step": 99, "_wandb": {"runtime": 20}}