{"accuracy": 0.6273254040866117, "F1": 0.5749863034537165, "loss": 1.654131531715393, "_timestamp": 1709272681.2848542, "_runtime": 22.953439235687256, "_step": 99, "_wandb": {"runtime": 20}}