{"accuracy": 0.6273254040866117, "F1": 0.5749863034537165, "loss": 1.6541316509246826, "_timestamp": 1709274608.776327, "_runtime": 9.895325899124146, "_step": 19, "_wandb": {"runtime": 6}}