{"accuracy": 0.6288502592253736, "F1": 0.5798881118864029, "loss": 1.653672695159912, "_timestamp": 1709275988.9749534, "_runtime": 16.3283793926239, "_step": 19, "_wandb": {"runtime": 6}}