{"accuracy": 0.6309850564196401, "F1": 0.5800865484481009, "loss": 1.6543785333633423, "_timestamp": 1709276009.7667658, "_runtime": 9.3056058883667, "_step": 19, "_wandb": {"runtime": 6}}