{"accuracy": 0.6273254040866117, "F1": 0.5749863034537165, "loss": 1.6541316509246826, "_timestamp": 1709276044.8700132, "_runtime": 10.016639232635498, "_step": 19, "_wandb": {"runtime": 7}}