{"accuracy": 0.6279353461421165, "F1": 0.577759772099437, "loss": 1.6532243490219116, "_timestamp": 1709274592.5220406, "_runtime": 9.974937677383423, "_step": 19, "_wandb": {"runtime": 6}}