{"acc": 0.49999902158670406, "val_acc": 0.49903677106523125, "_timestamp": 1709276669.6639266, "_runtime": 5.772368669509888, "_step": 9, "_wandb": {"runtime": 2}}