{"accuracy": 0.6279353461421165, "F1": 0.577759772099437, "loss": 1.6532243490219116, "_timestamp": 1709276027.2500038, "_runtime": 9.383264780044556, "_step": 19, "_wandb": {"runtime": 6}}