{"accuracy": 0.6273254040866117, "F1": 0.5749863034537165, "loss": 1.654131531715393, "_timestamp": 1709279269.4159553, "_runtime": 9.579752206802368, "_step": 19, "_wandb": {"runtime": 6}}