{"acc": 0.4667249804357561, "val_acc": 0.4866275538034757, "_timestamp": 1709276682.2088668, "_runtime": 6.163525819778442, "_step": 9, "_wandb": {"runtime": 2}}