{"acc": 0.5138663830054603, "val_acc": 0.5846712153442795, "_timestamp": 1709276632.5531864, "_runtime": 4.996666431427002, "_step": 9, "_wandb": {"runtime": 2}}