{"accuracy": 0.6264104910033547, "F1": 0.5756170860924574, "loss": 1.6582869291305542, "_timestamp": 1709279192.9452357, "_runtime": 9.409586668014526, "_step": 19, "_wandb": {"runtime": 7}}