{"accuracy": 0.6288502592253736, "F1": 0.5798881118864029, "loss": 1.653672695159912, "_timestamp": 1709274555.5434787, "_runtime": 8.922584772109985, "_step": 19, "_wandb": {"runtime": 6}}