{"accuracy": 0.6264104910033547, "F1": 0.5756170860924574, "loss": 1.658286690711975, "_timestamp": 1709275964.2611747, "_runtime": 9.802790641784668, "_step": 19, "_wandb": {"runtime": 7}}