{"accuracy": 0.6288502592253736, "F1": 0.5798881118864029, "loss": 1.653672695159912, "_timestamp": 1709279213.0222192, "_runtime": 12.36244010925293, "_step": 19, "_wandb": {"runtime": 6}}