{"acc": 0.5172774090679712, "val_acc": 0.5655157913988733, "_timestamp": 1709276644.885791, "_runtime": 5.866819143295288, "_step": 9, "_wandb": {"runtime": 2}}