{"accuracy": 0.6264104910033547, "F1": 0.5756170860924574, "loss": 1.658286690711975, "_timestamp": 1709274538.487884, "_runtime": 9.443210124969482, "_step": 19, "_wandb": {"runtime": 7}}